-- STRUCTURE
DROP TABLE IF EXISTS sites; 
DROP TABLE IF EXISTS engins; 
DROP TABLE IF EXISTS production; 
DROP TABLE IF EXISTS exportations;

-- 1. Création des tables
CREATE TABLE sites (
    id_site INTEGER PRIMARY KEY, 
    nom TEXT, 
    province TEXT
);

CREATE TABLE engins (
    id_engin INTEGER PRIMARY KEY, 
    type TEXT, 
    id_site INTEGER, 
    FOREIGN KEY(id_site) REFERENCES sites(id_site)
);

CREATE TABLE production (
    id_prod INTEGER PRIMARY KEY, 
    date_prod DATE, 
    id_site INTEGER, 
    type_minerai TEXT, 
    tonnage_brut REAL, 
    teneur REAL, 
    FOREIGN KEY(id_site) REFERENCES sites(id_site)
);

CREATE TABLE exportations (
    id_export INTEGER PRIMARY KEY, 
    date_export DATE, 
    id_site INTEGER, 
    tonnage_vendu REAL, 
    prix_unitaire_usd REAL, 
    FOREIGN KEY(id_site) REFERENCES sites(id_site)
);

-- 2. Insertions des Sites (5 lignes)
INSERT INTO sites (id_site, nom, province) VALUES 
(1, 'Kamoto', 'Lualaba'), 
(2, 'Tenke Fungurume', 'Lualaba'), 
(3, 'Etoile', 'Haut-Katanga'),
(4, 'Ruashi', 'Haut-Katanga'),
(5, 'Mutanda', 'Lualaba');

-- 3. Insertions des Engins (20 lignes)
INSERT INTO engins (id_engin, type, id_site) VALUES 
(101, 'Excavatrice CAT 390F', 1), (102, 'Camion Benne 100t', 1), (103, 'Foreuse Sandvik', 1), (104, 'Chargeuse Komatsu', 1),
(105, 'Excavatrice CAT 390F', 2), (106, 'Camion Benne 150t', 2), (107, 'Camion Benne 150t', 2), (108, 'Niveleuse CAT', 2),
(109, 'Excavatrice Volvo', 3), (110, 'Camion Benne 100t', 3), (111, 'Foreuse Atlas Copco', 3), (112, 'Chargeuse CAT', 3),
(113, 'Excavatrice Liebherr', 4), (114, 'Camion Benne 100t', 4), (115, 'Camion Benne 100t', 4), (116, 'Foreuse Sandvik', 4),
(117, 'Excavatrice Komatsu', 5), (118, 'Camion Benne 150t', 5), (119, 'Camion Benne 150t', 5), (120, 'Chargeuse Volvo', 5);

-- 4. Insertions des Exportations (25 lignes)
INSERT INTO exportations (id_export, date_export, id_site, tonnage_vendu, prix_unitaire_usd) VALUES 
(501, '2024-01-15', 1, 1200, 8500), (502, '2024-01-18', 2, 300, 32000), (503, '2024-01-20', 3, 900, 8450), (504, '2024-01-22', 4, 850, 8400), (505, '2024-01-25', 5, 400, 31500),
(506, '2024-02-02', 1, 1500, 8600), (507, '2024-02-05', 2, 250, 33000), (508, '2024-02-08', 3, 1100, 8550), (509, '2024-02-10', 4, 950, 8500), (510, '2024-02-12', 5, 350, 32500),
(511, '2024-02-18', 1, 1300, 8400), (512, '2024-02-20', 2, 400, 34000), (513, '2024-02-25', 3, 1050, 8350), (514, '2024-02-28', 4, 800, 8300), (515, '2024-03-02', 5, 450, 33500),
(516, '2024-03-10', 1, 1600, 8700), (517, '2024-03-12', 2, 350, 34500), (518, '2024-03-15', 3, 1200, 8650), (519, '2024-03-18', 4, 1000, 8600), (520, '2024-03-20', 5, 500, 34000),
(521, '2024-03-25', 1, 1400, 8800), (522, '2024-03-28', 2, 300, 35000), (523, '2024-03-30', 3, 1150, 8750), (524, '2024-04-02', 4, 900, 8700), (525, '2024-04-05', 5, 400, 34500);

-- 5. Insertions de la Production (200 lignes)
INSERT INTO production (id_prod, date_prod, id_site, type_minerai, tonnage_brut, teneur) VALUES 
(1, '2024-01-01', 1, 'Cuivre', 500, 3.2), (2, '2024-01-01', 2, 'Cobalt', 120, 1.8), (3, '2024-01-01', 3, 'Cuivre', 450, 2.9), (4, '2024-01-01', 4, 'Cuivre', 380, 2.5), (5, '2024-01-01', 5, 'Cobalt', 150, 2.1),
(6, '2024-01-02', 1, 'Cuivre', 510, 3.3), (7, '2024-01-02', 2, 'Cobalt', 115, 1.7), (8, '2024-01-02', 3, 'Cuivre', 460, 3.0), (9, '2024-01-02', 4, 'Cuivre', 390, 2.6), (10, '2024-01-02', 5, 'Cobalt', 145, 2.0),
(11, '2024-01-03', 1, 'Cuivre', 490, 3.1), (12, '2024-01-03', 2, 'Cobalt', 125, 1.9), (13, '2024-01-03', 3, 'Cuivre', 440, 2.8), (14, '2024-01-03', 4, 'Cuivre', 370, 2.4), (15, '2024-01-03', 5, 'Cobalt', 155, 2.2),
(16, '2024-01-04', 1, 'Cuivre', 520, 3.4), (17, '2024-01-04', 2, 'Cobalt', 130, 2.0), (18, '2024-01-04', 3, 'Cuivre', 470, 3.1), (19, '2024-01-04', 4, 'Cuivre', 400, 2.7), (20, '2024-01-04', 5, 'Cobalt', 160, 2.3),
(21, '2024-01-05', 1, 'Cuivre', 480, 3.0), (22, '2024-01-05', 2, 'Cobalt', 110, 1.6), (23, '2024-01-05', 3, 'Cuivre', 430, 2.7), (24, '2024-01-05', 4, 'Cuivre', 360, 2.3), (25, '2024-01-05', 5, 'Cobalt', 140, 1.9),
(26, '2024-01-06', 1, 'Cuivre', 530, 3.5), (27, '2024-01-06', 2, 'Cobalt', 135, 2.1), (28, '2024-01-06', 3, 'Cuivre', 480, 3.2), (29, '2024-01-06', 4, 'Cuivre', 410, 2.8), (30, '2024-01-06', 5, 'Cobalt', 165, 2.4),
(31, '2024-01-07', 1, 'Cuivre', 470, 2.9), (32, '2024-01-07', 2, 'Cobalt', 0, 0.0), (33, '2024-01-07', 3, 'Cuivre', 420, 2.6), (34, '2024-01-07', 4, 'Cuivre', 350, 2.2), (35, '2024-01-07', 5, 'Cobalt', 135, 1.8),
(36, '2024-01-08', 1, 'Cuivre', 540, 3.6), (37, '2024-01-08', 2, 'Cobalt', 140, 2.2), (38, '2024-01-08', 3, 'Cuivre', 490, 3.3), (39, '2024-01-08', 4, 'Cuivre', 420, 2.9), (40, '2024-01-08', 5, 'Cobalt', 170, 2.5),
(41, '2024-01-09', 1, 'Cuivre', 460, 2.8), (42, '2024-01-09', 2, 'Cobalt', 105, 1.5), (43, '2024-01-09', 3, 'Cuivre', 410, 2.5), (44, '2024-01-09', 4, 'Cuivre', 340, 2.1), (45, '2024-01-09', 5, 'Cobalt', 130, 1.7),
(46, '2024-01-10', 1, 'Cuivre', 550, 3.7), (47, '2024-01-10', 2, 'Cobalt', 145, 2.3), (48, '2024-01-10', 3, 'Cuivre', 500, 3.4), (49, '2024-01-10', 4, 'Cuivre', 430, 3.0), (50, '2024-01-10', 5, 'Cobalt', 175, 2.6),
(51, '2024-01-11', 1, 'Cuivre', 505, 3.2), (52, '2024-01-11', 2, 'Cobalt', 122, 1.8), (53, '2024-01-11', 3, 'Cuivre', 455, 2.9), (54, '2024-01-11', 4, 'Cuivre', 385, 2.5), (55, '2024-01-11', 5, 'Cobalt', 152, 2.1),
(56, '2024-01-12', 1, 'Cuivre', 515, 3.3), (57, '2024-01-12', 2, 'Cobalt', 118, 1.7), (58, '2024-01-12', 3, 'Cuivre', 465, 3.0), (59, '2024-01-12', 4, 'Cuivre', 395, 2.6), (60, '2024-01-12', 5, 'Cobalt', 148, 2.0),
(61, '2024-01-13', 1, 'Cuivre', 495, 3.1), (62, '2024-01-13', 2, 'Cobalt', 128, 1.9), (63, '2024-01-13', 3, 'Cuivre', 445, 2.8), (64, '2024-01-13', 4, 'Cuivre', 375, 2.4), (65, '2024-01-13', 5, 'Cobalt', 158, 2.2),
(66, '2024-01-14', 1, 'Cuivre', 525, 3.4), (67, '2024-01-14', 2, 'Cobalt', 132, 2.0), (68, '2024-01-14', 3, 'Cuivre', 475, 3.1), (69, '2024-01-14', 4, 'Cuivre', 405, 2.7), (70, '2024-01-14', 5, 'Cobalt', 162, 2.3),
(71, '2024-01-15', 1, 'Cuivre', 485, 3.0), (72, '2024-01-15', 2, 'Cobalt', 112, 1.6), (73, '2024-01-15', 3, 'Cuivre', 435, 2.7), (74, '2024-01-15', 4, 'Cuivre', 365, 2.3), (75, '2024-01-15', 5, 'Cobalt', 142, 1.9),
(76, '2024-01-16', 1, 'Cuivre', 535, 3.5), (77, '2024-01-16', 2, 'Cobalt', 138, 2.1), (78, '2024-01-16', 3, 'Cuivre', 485, 3.2), (79, '2024-01-16', 4, 'Cuivre', 415, 2.8), (80, '2024-01-16', 5, 'Cobalt', 168, 2.4),
(81, '2024-01-17', 1, 'Cuivre', 0, 0.0), (82, '2024-01-17', 2, 'Cobalt', 108, 1.5), (83, '2024-01-17', 3, 'Cuivre', 425, 2.6), (84, '2024-01-17', 4, 'Cuivre', 355, 2.2), (85, '2024-01-17', 5, 'Cobalt', 138, 1.8),
(86, '2024-01-18', 1, 'Cuivre', 545, 3.6), (87, '2024-01-18', 2, 'Cobalt', 142, 2.2), (88, '2024-01-18', 3, 'Cuivre', 495, 3.3), (89, '2024-01-18', 4, 'Cuivre', 425, 2.9), (90, '2024-01-18', 5, 'Cobalt', 172, 2.5),
(91, '2024-01-19', 1, 'Cuivre', 465, 2.8), (92, '2024-01-19', 2, 'Cobalt', 102, 1.4), (93, '2024-01-19', 3, 'Cuivre', 415, 2.5), (94, '2024-01-19', 4, 'Cuivre', 345, 2.1), (95, '2024-01-19', 5, 'Cobalt', 132, 1.7),
(96, '2024-01-20', 1, 'Cuivre', 555, 3.7), (97, '2024-01-20', 2, 'Cobalt', 148, 2.3), (98, '2024-01-20', 3, 'Cuivre', 505, 3.4), (99, '2024-01-20', 4, 'Cuivre', 435, 3.0), (100, '2024-01-20', 5, 'Cobalt', 178, 2.6),
(101, '2024-01-21', 1, 'Cuivre', 512, 3.2), (102, '2024-01-21', 2, 'Cobalt', 124, 1.8), (103, '2024-01-21', 3, 'Cuivre', 458, 2.9), (104, '2024-01-21', 4, 'Cuivre', 388, 2.5), (105, '2024-01-21', 5, 'Cobalt', 154, 2.1),
(106, '2024-01-22', 1, 'Cuivre', 518, 3.3), (107, '2024-01-22', 2, 'Cobalt', 116, 1.7), (108, '2024-01-22', 3, 'Cuivre', 468, 3.0), (109, '2024-01-22', 4, 'Cuivre', 398, 2.6), (110, '2024-01-22', 5, 'Cobalt', 146, 2.0),
(111, '2024-01-23', 1, 'Cuivre', 498, 3.1), (112, '2024-01-23', 2, 'Cobalt', 126, 1.9), (113, '2024-01-23', 3, 'Cuivre', 448, 2.8), (114, '2024-01-23', 4, 'Cuivre', 378, 2.4), (115, '2024-01-23', 5, 'Cobalt', 156, 2.2),
(116, '2024-01-24', 1, 'Cuivre', 528, 3.4), (117, '2024-01-24', 2, 'Cobalt', 134, 2.0), (118, '2024-01-24', 3, 'Cuivre', 478, 3.1), (119, '2024-01-24', 4, 'Cuivre', 408, 2.7), (120, '2024-01-24', 5, 'Cobalt', 164, 2.3),
(121, '2024-01-25', 1, 'Cuivre', 488, 3.0), (122, '2024-01-25', 2, 'Cobalt', 114, 1.6), (123, '2024-01-25', 3, 'Cuivre', 438, 2.7), (124, '2024-01-25', 4, 'Cuivre', 368, 2.3), (125, '2024-01-25', 5, 'Cobalt', 144, 1.9),
(126, '2024-01-26', 1, 'Cuivre', 538, 3.5), (127, '2024-01-26', 2, 'Cobalt', 136, 2.1), (128, '2024-01-26', 3, 'Cuivre', 488, 3.2), (129, '2024-01-26', 4, 'Cuivre', 418, 2.8), (130, '2024-01-26', 5, 'Cobalt', 166, 2.4),
(131, '2024-01-27', 1, 'Cuivre', 478, 2.9), (132, '2024-01-27', 2, 'Cobalt', 106, 1.5), (133, '2024-01-27', 3, 'Cuivre', 428, 2.6), (134, '2024-01-27', 4, 'Cuivre', 0, 0.0), (135, '2024-01-27', 5, 'Cobalt', 136, 1.8),
(136, '2024-01-28', 1, 'Cuivre', 548, 3.6), (137, '2024-01-28', 2, 'Cobalt', 144, 2.2), (138, '2024-01-28', 3, 'Cuivre', 498, 3.3), (139, '2024-01-28', 4, 'Cuivre', 428, 2.9), (140, '2024-01-28', 5, 'Cobalt', 174, 2.5),
(141, '2024-01-29', 1, 'Cuivre', 468, 2.8), (142, '2024-01-29', 2, 'Cobalt', 104, 1.4), (143, '2024-01-29', 3, 'Cuivre', 418, 2.5), (144, '2024-01-29', 4, 'Cuivre', 348, 2.1), (145, '2024-01-29', 5, 'Cobalt', 134, 1.7),
(146, '2024-01-30', 1, 'Cuivre', 558, 3.7), (147, '2024-01-30', 2, 'Cobalt', 146, 2.3), (148, '2024-01-30', 3, 'Cuivre', 508, 3.4), (149, '2024-01-30', 4, 'Cuivre', 438, 3.0), (150, '2024-01-30', 5, 'Cobalt', 176, 2.6),
(151, '2024-01-31', 1, 'Cuivre', 515, 3.2), (152, '2024-01-31', 2, 'Cobalt', 125, 1.8), (153, '2024-01-31', 3, 'Cuivre', 460, 2.9), (154, '2024-01-31', 4, 'Cuivre', 390, 2.5), (155, '2024-01-31', 5, 'Cobalt', 155, 2.1),
(156, '2024-02-01', 1, 'Cuivre', 525, 3.3), (157, '2024-02-01', 2, 'Cobalt', 115, 1.7), (158, '2024-02-01', 3, 'Cuivre', 470, 3.0), (159, '2024-02-01', 4, 'Cuivre', 400, 2.6), (160, '2024-02-01', 5, 'Cobalt', 145, 2.0),
(161, '2024-02-02', 1, 'Cuivre', 495, 3.1), (162, '2024-02-02', 2, 'Cobalt', 130, 1.9), (163, '2024-02-02', 3, 'Cuivre', 450, 2.8), (164, '2024-02-02', 4, 'Cuivre', 380, 2.4), (165, '2024-02-02', 5, 'Cobalt', 160, 2.2),
(166, '2024-02-03', 1, 'Cuivre', 535, 3.4), (167, '2024-02-03', 2, 'Cobalt', 135, 2.0), (168, '2024-02-03', 3, 'Cuivre', 480, 3.1), (169, '2024-02-03', 4, 'Cuivre', 410, 2.7), (170, '2024-02-03', 5, 'Cobalt', 165, 2.3),
(171, '2024-02-04', 1, 'Cuivre', 485, 3.0), (172, '2024-02-04', 2, 'Cobalt', 110, 1.6), (173, '2024-02-04', 3, 'Cuivre', 440, 2.7), (174, '2024-02-04', 4, 'Cuivre', 370, 2.3), (175, '2024-02-04', 5, 'Cobalt', 140, 1.9),
(176, '2024-02-05', 1, 'Cuivre', 545, 3.5), (177, '2024-02-05', 2, 'Cobalt', 140, 2.1), (178, '2024-02-05', 3, 'Cuivre', 490, 3.2), (179, '2024-02-05', 4, 'Cuivre', 420, 2.8), (180, '2024-02-05', 5, 'Cobalt', 170, 2.4),
(181, '2024-02-06', 1, 'Cuivre', 475, 2.9), (182, '2024-02-06', 2, 'Cobalt', 105, 1.5), (183, '2024-02-06', 3, 'Cuivre', 430, 2.6), (184, '2024-02-06', 4, 'Cuivre', 360, 2.2), (185, '2024-02-06', 5, 'Cobalt', 135, 1.8),
(186, '2024-02-07', 1, 'Cuivre', 555, 3.6), (187, '2024-02-07', 2, 'Cobalt', 145, 2.2), (188, '2024-02-07', 3, 'Cuivre', 500, 3.3), (189, '2024-02-07', 4, 'Cuivre', 430, 2.9), (190, '2024-02-07', 5, 'Cobalt', 175, 2.5),
(191, '2024-02-08', 1, 'Cuivre', 465, 2.8), (192, '2024-02-08', 2, 'Cobalt', 100, 1.4), (193, '2024-02-08', 3, 'Cuivre', 420, 2.5), (194, '2024-02-08', 4, 'Cuivre', 350, 2.1), (195, '2024-02-08', 5, 'Cobalt', 0, 0.0),
(196, '2024-02-09', 1, 'Cuivre', 565, 3.7), (197, '2024-02-09', 2, 'Cobalt', 150, 2.3), (198, '2024-02-09', 3, 'Cuivre', 510, 3.4), (199, '2024-02-09', 4, 'Cuivre', 440, 3.0), (200, '2024-02-09', 5, 'Cobalt', 180, 2.6);